Time of Day,Process Name,PID,Operation,Path,Result,Detail
48:32.3,SearchIndexer.exe,2700,FileSystemControl,C:,SUCCESS,Control: FSCTL_READ_USN_JOURNAL
48:32.3,SearchIndexer.exe,2700,FileSystemControl,C:,SUCCESS,Control: FSCTL_READ_USN_JOURNAL
48:32.3,SearchIndexer.exe,2700,FileSystemControl,C:,SUCCESS,Control: FSCTL_QUERY_USN_JOURNAL
48:32.3,SearchIndexer.exe,2700,FileSystemControl,C:,SUCCESS,Control: FSCTL_READ_USN_JOURNAL
48:32.3,SearchIndexer.exe,2700,FileSystemControl,C:,SUCCESS,Control: FSCTL_READ_USN_JOURNAL
48:32.3,svchost.exe,696,RegOpenKey,HKCR\CLSID\{8BC3F05E-D86B-11D0-A075-00C04FB68820},SUCCESS,Desired Access: Read
48:32.3,svchost.exe,696,RegOpenKey,HKCR\CLSID\{8BC3F05E-D86B-11D0-A075-00C04FB68820}\TreatAs,NAME NOT FOUND,Desired Access: Query Value
48:32.3,svchost.exe,696,RegOpenKey,HKCR\CLSID\{8BC3F05E-D86B-11D0-A075-00C04FB68820}\Progid,NAME NOT FOUND,Desired Access: Query Value
48:32.3,svchost.exe,696,RegQueryValue,HKCR\CLSID\{8BC3F05E-D86B-11D0-A075-00C04FB68820}\(Default),SUCCESS,"Type: REG_SZ, Length: 78, Data: Windows Management and Instrumentation"
48:32.3,svchost.exe,696,RegQueryValue,HKCR\CLSID\{8BC3F05E-D86B-11D0-A075-00C04FB68820}\(Default),SUCCESS,"Type: REG_SZ, Length: 78, Data: Windows Management and Instrumentation"
48:32.3,svchost.exe,696,RegOpenKey,HKCR\CLSID\{8BC3F05E-D86B-11D0-A075-00C04FB68820}\LocalServer32,NAME NOT FOUND,Desired Access: Read
48:32.3,svchost.exe,696,RegQueryValue,HKCR\CLSID\{8BC3F05E-D86B-11D0-A075-00C04FB68820}\AppID,SUCCESS,"Type: REG_SZ, Length: 78, Data: {8BC3F05E-D86B-11D0-A075-00C04FB68820}"
48:32.3,svchost.exe,696,RegOpenKey,HKCR\AppID\{8BC3F05E-D86B-11D0-A075-00C04FB68820},SUCCESS,Desired Access: Read
48:32.3,svchost.exe,696,RegQueryValue,HKCR\AppID\{8BC3F05E-D86B-11D0-A075-00C04FB68820}\(Default),SUCCESS,"Type: REG_SZ, Length: 78, Data: Windows Management and Instrumentation"
48:32.3,svchost.exe,696,RegQueryValue,HKCR\AppID\{8BC3F05E-D86B-11D0-A075-00C04FB68820}\(Default),SUCCESS,"Type: REG_SZ, Length: 78, Data: Windows Management and Instrumentation"
48:32.3,svchost.exe,696,RegQueryValue,HKCR\AppID\{8BC3F05E-D86B-11D0-A075-00C04FB68820}\LocalService,SUCCESS,"Type: REG_SZ, Length: 16, Data: winmgmt"
48:32.3,svchost.exe,696,RegQueryValue,HKCR\AppID\{8BC3F05E-D86B-11D0-A075-00C04FB68820}\LocalService,SUCCESS,"Type: REG_SZ, Length: 16, Data: winmgmt"
48:32.3,svchost.exe,696,RegQueryValue,HKCR\AppID\{8BC3F05E-D86B-11D0-A075-00C04FB68820}\ServiceParameters,NAME NOT FOUND,Length: 144
48:32.3,svchost.exe,696,RegQueryValue,HKCR\AppID\{8BC3F05E-D86B-11D0-A075-00C04FB68820}\RunAs,NAME NOT FOUND,Length: 144
48:32.3,svchost.exe,696,RegQueryValue,HKCR\AppID\{8BC3F05E-D86B-11D0-A075-00C04FB68820}\ActivateAtStorage,NAME NOT FOUND,Length: 144
48:32.3,svchost.exe,696,RegOpenKey,HKCR\AppID\{8BC3F05E-D86B-11D0-A075-00C04FB68820},SUCCESS,Desired Access: Read
48:32.3,svchost.exe,696,RegQueryValue,HKCR\AppID\{8BC3F05E-D86B-11D0-A075-00C04FB68820}\ROTFlags,NAME NOT FOUND,Length: 144
48:32.3,svchost.exe,696,RegQueryValue,HKCR\AppID\{8BC3F05E-D86B-11D0-A075-00C04FB68820}\AppIDFlags,NAME NOT FOUND,Length: 144
48:32.3,svchost.exe,696,RegCloseKey,HKCR\AppID\{8BC3F05E-D86B-11D0-A075-00C04FB68820},SUCCESS,
48:32.3,svchost.exe,696,RegQueryValue,HKCR\AppID\{8BC3F05E-D86B-11D0-A075-00C04FB68820}\LaunchPermission,SUCCESS,"Type: REG_BINARY, Length: 132, Data: 01 00 14 80 64 00 00 00 74 00 00 00 14 00 00 00"
48:32.3,svchost.exe,696,RegQueryValue,HKCR\AppID\{8BC3F05E-D86B-11D0-A075-00C04FB68820}\LaunchPermission,SUCCESS,"Type: REG_BINARY, Length: 132, Data: 01 00 14 80 64 00 00 00 74 00 00 00 14 00 00 00"
48:32.3,svchost.exe,696,RegOpenKey,HKLM,SUCCESS,"Desired Access: Maximum Allowed, Granted Access: All Access"
48:32.3,svchost.exe,696,RegOpenKey,HKLM\Software\Microsoft\OLE,SUCCESS,Desired Access: Read
48:32.3,svchost.exe,696,RegCloseKey,HKLM,SUCCESS,
48:32.3,svchost.exe,696,RegQueryValue,HKLM\SOFTWARE\Microsoft\Ole\LegacyAuthenticationLevel,NAME NOT FOUND,Length: 144
48:32.3,svchost.exe,696,RegQueryValue,HKLM\SOFTWARE\Microsoft\Ole\LegacyImpersonationLevel,SUCCESS,"Type: REG_DWORD, Length: 4, Data: 2"
48:32.3,svchost.exe,696,RegCloseKey,HKLM\SOFTWARE\Microsoft\Ole,SUCCESS,
48:32.3,svchost.exe,696,RegQueryValue,HKCR\AppID\{8BC3F05E-D86B-11D0-A075-00C04FB68820}\AuthenticationLevel,NAME NOT FOUND,Length: 144
48:32.3,svchost.exe,696,RegQueryValue,HKCR\AppID\{8BC3F05E-D86B-11D0-A075-00C04FB68820}\RemoteServerName,NAME NOT FOUND,Length: 144
48:32.3,svchost.exe,696,RegQueryValue,HKCR\AppID\{8BC3F05E-D86B-11D0-A075-00C04FB68820}\SRPTrustLevel,NAME NOT FOUND,Length: 144
48:32.3,svchost.exe,696,RegQueryValue,HKCR\AppID\{8BC3F05E-D86B-11D0-A075-00C04FB68820}\PreferredServerBitness,NAME NOT FOUND,Length: 144
48:32.3,svchost.exe,696,RegQueryValue,HKCR\AppID\{8BC3F05E-D86B-11D0-A075-00C04FB68820}\LoadUserSettings,NAME NOT FOUND,Length: 144
48:32.3,svchost.exe,696,RegCloseKey,HKCR\AppID\{8BC3F05E-D86B-11D0-A075-00C04FB68820},SUCCESS,
48:32.3,svchost.exe,696,RegOpenKey,HKCR\CLSID\{8BC3F05E-D86B-11D0-A075-00C04FB68820}\LocalServer,NAME NOT FOUND,Desired Access: Query Value
48:32.3,svchost.exe,696,RegOpenKey,HKCR\CLSID\{8BC3F05E-D86B-11D0-A075-00C04FB68820},SUCCESS,Desired Access: Read
48:32.3,svchost.exe,696,RegOpenKey,HKCR\CLSID\{8BC3F05E-D86B-11D0-A075-00C04FB68820}\Elevation,NAME NOT FOUND,Desired Access: Read
48:32.3,svchost.exe,696,RegCloseKey,HKCR\CLSID\{8BC3F05E-D86B-11D0-A075-00C04FB68820},SUCCESS,
48:32.3,svchost.exe,696,RegCloseKey,HKCR\CLSID\{8BC3F05E-D86B-11D0-A075-00C04FB68820},SUCCESS,
48:32.3,lsass.exe,512,RegOpenKey,HKLM\SAM\SAM\DOMAINS\Account\Groups\000003E8,NAME NOT FOUND,Desired Access: Read/Write
48:32.3,lsass.exe,512,RegOpenKey,HKLM\SAM\SAM\DOMAINS\Account\Aliases\000003E8,NAME NOT FOUND,Desired Access: Read/Write
48:32.3,lsass.exe,512,RegOpenKey,HKLM\SAM\SAM\DOMAINS\Account\Users\000003E8,SUCCESS,Desired Access: Read/Write
48:32.3,lsass.exe,512,RegQueryValue,HKLM\SAM\SAM\Domains\Account\Users\000003E8\V,SUCCESS,"Type: REG_BINARY, Length: 464, Data: 00 00 00 00 BC 00 00 00 02 00 01 00 BC 00 00 00"
48:32.3,lsass.exe,512,RegCloseKey,HKLM\SAM\SAM\Domains\Account\Users\000003E8,SUCCESS,
48:32.3,svchost.exe,900,RegOpenKey,HKLM\System\CurrentControlSet\Control\Nls\CustomLocale,REPARSE,Desired Access: Read
48:32.3,svchost.exe,900,RegOpenKey,HKLM\System\CurrentControlSet\Control\Nls\CustomLocale,SUCCESS,Desired Access: Read
48:32.3,svchost.exe,900,RegQueryValue,HKLM\System\CurrentControlSet\Control\Nls\CustomLocale\wmi,NAME NOT FOUND,Length: 532
48:32.3,svchost.exe,900,RegCloseKey,HKLM\System\CurrentControlSet\Control\Nls\CustomLocale,SUCCESS,
48:32.3,svchost.exe,900,RegOpenKey,HKLM\System\CurrentControlSet\Control\Nls\ExtendedLocale,REPARSE,Desired Access: Read
48:32.3,svchost.exe,900,RegOpenKey,HKLM\System\CurrentControlSet\Control\Nls\ExtendedLocale,SUCCESS,Desired Access: Read
48:32.3,svchost.exe,900,RegQueryValue,HKLM\System\CurrentControlSet\Control\Nls\ExtendedLocale\wmi,NAME NOT FOUND,Length: 532
48:32.3,svchost.exe,900,RegCloseKey,HKLM\System\CurrentControlSet\Control\Nls\ExtendedLocale,SUCCESS,
48:32.3,svchost.exe,900,RegOpenKey,HKLM\System\CurrentControlSet\Control\Nls\CustomLocale,REPARSE,Desired Access: Read
48:32.3,svchost.exe,900,RegOpenKey,HKLM\System\CurrentControlSet\Control\Nls\CustomLocale,SUCCESS,Desired Access: Read
48:32.3,svchost.exe,900,RegQueryValue,HKLM\System\CurrentControlSet\Control\Nls\CustomLocale\wmi,NAME NOT FOUND,Length: 532
48:32.3,svchost.exe,900,RegCloseKey,HKLM\System\CurrentControlSet\Control\Nls\CustomLocale,SUCCESS,
48:32.3,svchost.exe,900,RegOpenKey,HKLM\System\CurrentControlSet\Control\Nls\ExtendedLocale,REPARSE,Desired Access: Read
48:32.3,svchost.exe,900,RegOpenKey,HKLM\System\CurrentControlSet\Control\Nls\ExtendedLocale,SUCCESS,Desired Access: Read
48:32.3,svchost.exe,900,RegQueryValue,HKLM\System\CurrentControlSet\Control\Nls\ExtendedLocale\wmi,NAME NOT FOUND,Length: 532
48:32.3,svchost.exe,900,RegCloseKey,HKLM\System\CurrentControlSet\Control\Nls\ExtendedLocale,SUCCESS,
48:32.3,svchost.exe,900,ReadFile,C:\Windows\System32\wbem\Repository\INDEX.BTR,SUCCESS,"Offset: 2,146,304, Length: 8,192"
48:32.3,svchost.exe,900,ReadFile,C:\Windows\System32\wbem\Repository\INDEX.BTR,SUCCESS,"Offset: 1,007,616, Length: 8,192"
48:32.3,svchost.exe,900,ReadFile,C:\Windows\System32\wbem\Repository\OBJECTS.DATA,SUCCESS,"Offset: 13,492,224, Length: 8,192"
48:32.3,svchost.exe,900,ReadFile,C:\Windows\System32\wbem\Repository\INDEX.BTR,SUCCESS,"Offset: 3,096,576, Length: 8,192"
48:32.3,svchost.exe,900,ReadFile,C:\Windows\System32\wbem\Repository\INDEX.BTR,SUCCESS,"Offset: 999,424, Length: 8,192"
48:32.3,svchost.exe,900,Thread Create,,SUCCESS,Thread ID: 1832
48:32.3,svchost.exe,900,Thread Create,,SUCCESS,Thread ID: 1820
48:32.3,svchost.exe,900,ReadFile,C:\Windows\System32\wbem\Repository\OBJECTS.DATA,SUCCESS,"Offset: 1,130,496, Length: 8,192"
48:32.3,svchost.exe,900,RegOpenKey,HKLM,SUCCESS,"Desired Access: Maximum Allowed, Granted Access: All Access"
48:32.3,svchost.exe,900,RegOpenKey,HKLM\system\Setup,SUCCESS,Desired Access: Read
48:32.3,svchost.exe,900,RegCloseKey,HKLM,SUCCESS,
48:32.3,svchost.exe,900,RegQueryValue,HKLM\SYSTEM\Setup\SystemSetupInProgress,SUCCESS,"Type: REG_DWORD, Length: 4, Data: 0"
48:32.3,svchost.exe,900,RegCloseKey,HKLM\SYSTEM\Setup,SUCCESS,
48:32.3,svchost.exe,900,Thread Create,,SUCCESS,Thread ID: 1684
48:32.3,svchost.exe,900,RegOpenKey,HKU\S-1-5-18_Classes,NAME NOT FOUND,Desired Access: Maximum Allowed
48:32.3,svchost.exe,900,RegCreateKey,HKCR,SUCCESS,"Desired Access: Maximum Allowed, Granted Access: All Access, Disposition: REG_OPENED_EXISTING_KEY"
48:32.3,svchost.exe,900,RegOpenKey,HKCR\CLSID\{D2D588B5-D081-11d0-99E0-00C04FC2F8EC}\InProcServer32,SUCCESS,Desired Access: Read
48:32.3,svchost.exe,900,RegCloseKey,HKCR,SUCCESS,
48:32.3,svchost.exe,900,RegQueryValue,HKCR\CLSID\{D2D588B5-D081-11D0-99E0-00C04FC2F8EC}\InprocServer32\ThreadingModel,SUCCESS,"Type: REG_SZ, Length: 10, Data: Both"
48:32.3,svchost.exe,900,RegQueryValue,HKCR\CLSID\{D2D588B5-D081-11D0-99E0-00C04FC2F8EC}\InprocServer32\Synchronization,NAME NOT FOUND,Length: 144
48:32.3,svchost.exe,900,RegQueryValue,HKCR\CLSID\{D2D588B5-D081-11D0-99E0-00C04FC2F8EC}\InprocServer32\(Default),SUCCESS,"Type: REG_EXPAND_SZ, Length: 78, Data: %systemroot%\system32\wbem\wmiprov.dll"
48:32.3,svchost.exe,900,RegCloseKey,HKCR\CLSID\{D2D588B5-D081-11D0-99E0-00C04FC2F8EC}\InprocServer32,SUCCESS,
48:32.3,svchost.exe,900,RegOpenKey,HKU\S-1-5-18_Classes,NAME NOT FOUND,Desired Access: Maximum Allowed
48:32.3,svchost.exe,900,RegCreateKey,HKCR,SUCCESS,"Desired Access: Maximum Allowed, Granted Access: All Access, Disposition: REG_OPENED_EXISTING_KEY"
48:32.3,svchost.exe,900,RegOpenKey,HKCR\CLSID\{D2D588B5-D081-11d0-99E0-00C04FC2F8EC}\LocalServer32,NAME NOT FOUND,Desired Access: Read
48:32.3,svchost.exe,900,RegCloseKey,HKCR,SUCCESS,
48:32.3,svchost.exe,900,RegOpenKey,HKU\S-1-5-18_Classes,NAME NOT FOUND,Desired Access: Maximum Allowed
48:32.3,svchost.exe,900,RegCreateKey,HKCR,SUCCESS,"Desired Access: Maximum Allowed, Granted Access: All Access, Disposition: REG_OPENED_EXISTING_KEY"
48:32.3,svchost.exe,900,RegOpenKey,HKCR\CLSID\{D2D588B5-D081-11d0-99E0-00C04FC2F8EC},SUCCESS,Desired Access: Read
48:32.3,svchost.exe,900,RegCloseKey,HKCR,SUCCESS,
48:32.3,svchost.exe,900,RegQueryValue,HKCR\CLSID\{D2D588B5-D081-11D0-99E0-00C04FC2F8EC}\(Default),SUCCESS,"Type: REG_SZ, Length: 44, Data: WDM Instance Provider"
48:32.3,svchost.exe,900,RegQueryValue,HKCR\CLSID\{D2D588B5-D081-11D0-99E0-00C04FC2F8EC}\AppId,NAME NOT FOUND,Length: 144
48:32.3,svchost.exe,900,RegCloseKey,HKCR\CLSID\{D2D588B5-D081-11D0-99E0-00C04FC2F8EC},SUCCESS,
48:32.4,svchost.exe,900,Thread Create,,SUCCESS,Thread ID: 1852
48:32.4,svchost.exe,900,ReadFile,C:\Windows\System32\wbem\Repository\INDEX.BTR,SUCCESS,"Offset: 8,192, Length: 8,192"
